Número de Threads,Tempo (segundos)
1,0.20145201683044434
2,0.619403600692749
4,7.898810625076294
8,10.809530973434448
16,10.921740531921387
32,10.863136291503906
